{
  "coefficients": [
    0.22696788732364742,
    -0.3686765129256263,
    0.8191364583221302,
    -0.10242759761778553,
    -0.07037222385177125
  ],
  "intercept": -3.1464639533904264,
  "feature_order": [
    "danceability",
    "energy",
    "loudness",
    "tempo",
    "duration_ms"
  ]
}