{
  "mean": [
    0.5669324714912283,
    0.6417198008442982,
    -8.24817505482456,
    122.19931345394737,
    227829.3858223684
  ],
  "scale": [
    0.1736156207474779,
    0.2515808565456678,
    5.022237154344309,
    29.994636972047445,
    105553.57244899528
  ],
  "feature_order": [
    "danceability",
    "energy",
    "loudness",
    "tempo",
    "duration_ms"
  ]
}